priority,ship_duration
C,1.0
H,2.499270874884746
L,8.499071680086676
M,5.00098305218041
