index,value
2 in 1 Convertible,0.10229251950065579
Gaming,0.1858519573429466
Netbook,0.003358885126263247
Notebook,0.49971136516516557
Ultrabook,0.19553603089274865
Workstation,0.01324924197222003
