index,value
AMD,0.019792668672313284
Intel,0.9796789057976235
Samsung,0.0005284255300631802
