index,value
0,0.062044284938847435
3,0.06579056312201936
5,0.3883307956785147
7,0.48383435626061855
