index,value
1,0.08344874056184744
2,0.08521041296745713
3,0.08365699838621808
4,0.0866431768899384
5,0.08820407782562707
6,0.09383226807413664
7,0.09225503178449937
8,0.07986960438794047
9,0.07428112742391588
10,0.07520285674600972
11,0.07792433683340942
12,0.07947136811900046
